Timestamp,CanId,IDE,DataBytes
1656677200.655000,14F00031,1,CFFFFFFFFFFFFFFF
1656677200.660000,18FEF100,1,C3CE134000000030
1656677200.666000,CF00400,1,017D7D852C00F47D
1656677200.671000,18FEDF00,1,850013FF7DDA15FF
1656677200.676000,10FF2121,1,72551FC0C0FFFFE1
1656677200.680000,14F00131,1,FFFFFFFF00FFFFFF
1656677200.686000,CF00400,1,017D7D5A2C00F47D
1656677200.691000,14FF3131,1,0030030000FFFFF0
1656677200.696000,14FEF121,1,F3FFFF4FFFFFFFFF
1656677200.701000,14FF2321,1,100CE1FFFFFFFFFF
1656677200.705000,18F0233D,1,FFFFFFFFFF2BFFFF
1656677200.711000,18FD413D,1,FFFFFFFFFCFCFCFC
1656677200.715000,CF00400,1,017D7D2F2C00F47D
1656677200.721000,18F0000F,1,067DFFFF0F7DFFFF
1656677200.726000,14FF0121,1,FFFFFFFFFFFFFCFF
1656677200.730000,18FECA00,1,03FF00000000FFFF
1656677200.736000,14FEF131,1,CFFFFFF300FFFF30
1656677200.740000,CF00A01,1,0817EF68FFFFFFFF
1656677200.745000,10F01A01,1,A816FFFFFFFFFFFF
1656677200.751000,10FCFD01,1,FFFFFFFFF92DFFFF
1656677200.755000,18FD9401,1,3807FFFF17209702
1656677200.761000,18FDA101,1,8516FFFFFFFF40FF
1656677200.765000,10FDA301,1,FFFFFFFFFFFFFFFF
1656677200.771000,18FDAA01,1,FFFFFFFFFFFFFF72
1656677200.776000,18FDD001,1,FFFFFF4076FFFFFF
1656677200.780000,1CFE9201,1,FF0071FFFFFFFFFF
1656677200.786000,CF00400,1,017D7DF72B00F47D
1656677200.792000,18FEDB01,1,402D402D402DFFFF
1656677200.795000,CFF0381,1,0000000000000007
1656677200.800000,14FF0221,1,FFFFFFFFFFFFFFFF
1656677200.806000,18F00E3D,1,141EFFFFFFFFFFFF
1656677200.810000,CF00421,1,FFFFFFFFFFFFFFFF
1656677200.816000,18F00F3D,1,1810FFFFFFFFFFFF
1656677200.821000,18FF3000,1,0000AFFFFFFFFFFF
1656677200.825000,C00000B,1,FCFFFAFAFFFFFFFF
1656677200.831000,CF00400,1,017D7DC62B00F47D
1656677200.837000,CF00300,1,DD0000FFFFFFE1FF
1656677200.844000,14FFA000,1,FCFFFFFFFFFFFFFF
1656677200.845000,14FDA421,1,FFFFFFFFFFFFFFFF
1656677200.851000,18FEF200,1,9000D402F304FFFF
1656677200.856000,CF00400,1,017D7D9F2B00F47D
1656677200.861000,18FEE64A,1,2C2F09013423837E
1656677200.866000,18FEDF00,1,850013FF7DDA15FF
1656677200.870000,10FF2121,1,72551FC0C0FFFFE1
1656677200.875000,18FEF117,1,F3FFFFFFFFFFFFFF
1656677200.881000,14FEF031,1,FFFFFFFFFFFC00FF
1656677200.886000,18EA0090,1,E9FE00
1656677200.890000,CF00400,1,017D7D732B00F47D
1656677200.896000,18FEE900,1,96C4050092C10500
1656677200.901000,18FEF621,1,FFFFFFFFFFFFFFFF
1656677200.906000,18F0233D,1,FFFFFFFFFF2BFFFF
1656677200.911000,18E8174A,1,0100FFFFFFE8FE00
1656677200.915000,CF00400,1,017D7D3B2B00F47D
1656677200.921000,18FEF000,1,FFFFFF0000F000FF
1656677200.926000,18FEF721,1,FFFFFFFF1A01FFFF
1656677200.931000,18FEBF0B,1,49147C7D787AFFFF
1656677200.935000,CF00A01,1,B916C165FFFFFFFF
1656677200.940000,10F01A01,1,3818FFFFFFFFFFFF
1656677200.945000,CF00400,1,017D7D0D2B00F47D
1656677200.951000,18FEE000,1,DBB83800DBB83800
1656677200.956000,CFF0281,1,BC03B201D3006200
1656677200.961000,18E00031,1,FFFFFFFFFFF3FFFF
1656677200.965000,18F00E3D,1,F01EFFFFFFFFFFFF
1656677200.971000,18FF01CA,1,F0FFFFFF04C9061A
1656677200.976000,18F00F3D,1,5410FFFFFFFFFFFF
1656677200.980000,18FD8C3D,1,6C003E00FFFFFFFF
1656677200.986000,18FE4F3E,1,0400FFFFFFFFFFFF
1656677200.991000,18FDB23D,1,FFFF1C4B2E00FFFF
1656677200.995000,18FDB300,1,FFFF134FFFFFFFFF
1656677201.000000,18FDB400,1,42444244FFFFFFFF
1656677201.006000,18F0010B,1,C0FFF0FFFF0DFF3F
1656677201.010000,CF00400,1,017D7DDF2A00F47D
1656677201.017000,CF00300,1,DD0000FFFFFFDEFF
1656677201.023000,14F00031,1,CFFFFFFFFFFFFFFF
1656677201.025000,18FEF100,1,C368144000000030
1656677201.031000,CF00400,1,017D7DBB2A00F47D
1656677201.037000,18FEDF00,1,850013FF7D4F14FF
1656677201.040000,18FEEF00,1,B8FFFF5CFFFFFFFA
1656677201.046000,10FF2121,1,72551FC0C0FFFFE1
1656677201.051000,14F00131,1,FFFFFFFF00FFFFFF
1656677201.055000,CF00400,1,017D7D8F2A00F47D
1656677201.061000,14FF3131,1,0030030000FFFFF0
1656677201.066000,14FEF121,1,F3FFFF4FFFFFFFFF
1656677201.070000,14FF2321,1,100CE1FFFFFFFFFF
1656677201.076000,18F0233D,1,FFFFFFFFFF2BFFFF
1656677201.081000,18FD413D,1,FFFFFFFFFCFCFCFC
1656677201.085000,CF00400,1,017D7D5D2A00F47D
1656677201.091000,18F0000F,1,067DFFFF0F7DFFFF
1656677201.096000,14FF0121,1,FFFFFFFFFFFFFCFF
1656677201.100000,14FEF131,1,CFFFFFF300FFFF30
1656677201.106000,CF00A01,1,3816C05EFFFFFFFF
1656677201.110000,10F01A01,1,581BFFFFFFFFFFFF
1656677201.115000,10FCFD01,1,FFFFFFFF592DFFFF
1656677201.121000,18FD9401,1,3807FFFF25209802
1656677201.125000,18FDA101,1,E216FFFFFFFF40FF
1656677201.131000,10FDA301,1,FFFFFFFFFFFFFFFF
1656677201.136000,18FDAA01,1,FFFFFFFFFFFFFF6E
1656677201.140000,18FDD001,1,FFFFFF4076FFFFFF
1656677201.146000,1CFE9201,1,FF0071FFFFFFFFFF
1656677201.150000,CF00400,1,017D7D312A00F47D
1656677201.156000,CFF0381,1,0000000000000006
1656677201.160000,CF00421,1,FFFFFFFFFFFFFFFF
1656677201.166000,18FEDB01,1,402D402D402DFFFF
1656677201.170000,14FF0221,1,FFFFFFFFFFFFFFFF
1656677201.175000,18F00E3D,1,8020FFFFFFFFFFFF
1656677201.181000,18FF3000,1,0000AFFFFFFFFFFF
1656677201.185000,18F00F3D,1,CC10FFFFFFFFFFFF
1656677201.190000,C00000B,1,FCFFFAFAFFFFFFFF
1656677201.196000,CF00400,1,017D7D062A00F47D
1656677201.202000,CF00300,1,DC0200FFFFFFDCFF
1656677201.207000,14FFA000,1,FCFFFFFFFFFFFFFF
1656677201.211000,14FDA421,1,FFFFFFFFFFFFFFFF
1656677201.215000,18FEF200,1,8A006605F304FFFF
1656677201.221000,CF00400,1,017D7DDC2900F47D
1656677201.226000,18FEF117,1,F3FFFFFFFFFFFFFF
1656677201.231000,18FEDF00,1,850013FF7D4F14FF
1656677201.235000,10FF2121,1,72551FC0C0FFFFE1
1656677201.240000,14FEF031,1,FFFFFFFFFFFC00FF
1656677201.245000,C00100B,1,FCFFFA00FFFFFFFF
1656677201.251000,CF00400,1,017D7DAF2900F47D
1656677201.256000,C000F0B,1,FCFFFA00FFFFFFFF
1656677201.260000,18F0233D,1,FFFFFFFFFF2BFFFF
1656677201.265000,C00290B,1,FCFFFA00FFFFFFFF
1656677201.271000,CF00400,1,017D7D852900F47D
1656677201.277000,18FEF000,1,FFFFFF0000F000FF
1656677201.281000,18FEBF0B,1,39147D7C797AFFFF
1656677201.285000,CF00A01,1,0516A85BFFFFFFFF
1656677201.291000,10F01A01,1,E81CFFFFFFFFFFFF
1656677201.295000,CF00400,1,017D7D542900F47D
1656677201.301000,14FD3E00,1,894CFF604FFFFFFF
1656677201.306000,CFF0281,1,BF05B5026101A900
1656677201.310000,18FEE000,1,DBB83800DBB83800
1656677201.316000,18F00E3D,1,8020FFFFFFFFFFFF
1656677201.321000,18F00F3D,1,0811FFFFFFFFFFFF
1656677201.325000,18FD8C3D,1,6C003E00FFFFFFFF
1656677201.331000,18FDB23D,1,FFFF1C4B2E00FFFF
1656677201.335000,18FDB300,1,FFFF134FFFFFFFFF
1656677201.340000,18FE4F3E,1,0400FFFFFFFFFFFF
1656677201.346000,18FDB400,1,42444244FFFFFFFF
1656677201.351000,18F0010B,1,C0FFF0FFFF0DFF3F
1656677201.355000,CF00400,1,017D7D332900F47D
1656677201.361000,CF00300,1,DC1000FFFFFFDCFF
1656677201.366000,14F00031,1,CFFFFFFFFFFFFFFF
1656677201.370000,18FEF100,1,C33E144000000030
1656677201.376000,CF00400,1,017D7D0A2900F47D
1656677201.382000,18FEDF00,1,850013FF7DE912FF
1656677201.385000,10FF2121,1,72551FC0C0FFFFE1
1656677201.390000,14F00131,1,FFFFFFFF00FFFFFF
1656677201.396000,CF00400,1,017D7DD72800F47D
1656677201.401000,14FF3131,1,0030030000FFFFF0
1656677201.406000,14FEF121,1,F3FFFF4FFFFFFFFF
1656677201.411000,14FF2321,1,100CE1FFFFFFFFFF
1656677201.415000,18F0233D,1,FFFFFFFFFF2BFFFF
1656677201.421000,18FD413D,1,FFFFFFFFFCFCFCFC
1656677201.425000,CF00400,1,017D7DAE2800F47D
1656677201.431000,18F0000F,1,067DFFFF0F7DFFFF
1656677201.435000,18FEF600,1,FF424B75FF4044FF
1656677201.441000,14FF0121,1,FFFFFFFFFFFFFCFF
1656677201.446000,14FEF131,1,CFFFFFF300FFFF30
1656677201.450000,CF00A01,1,8415FC58FFFFFFFF
1656677201.456000,10F01A01,1,781EFFFFFFFFFFFF
1656677201.461000,10FCFD01,1,FFFFFFFFD02CFFFF
1656677201.465000,18FD9401,1,3807FFFF2E209802
1656677201.471000,18FDA101,1,1117FFFFFFFF40FF
1656677201.475000,10FDA301,1,FFFFFFFFFFFFFFFF
1656677201.481000,18FDAA01,1,FFFFFFFFFFFFFF6A
1656677201.486000,18FDD001,1,FFFFFF4076FFFFFF
1656677201.490000,1CFE9201,1,FF0071FFFFFFFFFF
1656677201.496000,CF00400,1,017D7D852800F47D
1656677201.502000,18FEDB01,1,402D402D402DFFFF
1656677201.505000,CF00421,1,FFFFFFFFFFFFFFFF
1656677201.511000,CFF0381,1,0000000000000205
1656677201.516000,14FF0221,1,FFFFFFFFFFFFFFFF
1656677201.520000,18F00E3D,1,9420FFFFFFFFFFFF
1656677201.526000,18FF3000,1,0000AFFFFFFFFFFF
1656677201.530000,18F00F3D,1,5811FFFFFFFFFFFF
1656677201.536000,C00000B,1,FCFFFAFAFFFFFFFF
1656677201.540000,CF00400,1,017E7D612800F47D
1656677201.546000,CF00300,1,DC2600FFFFFFD9FF
1656677201.551000,14FFA000,1,FCFFFFFFFFFFFFFF
1656677201.556000,14FDA421,1,FFFFFFFFFFFFFFFF
1656677201.560000,18FEF200,1,7C006605F304FFFF
1656677201.566000,CF00400,1,01807D312800F47D
1656677201.573000,18FEF117,1,F3FFFFFFFFFFFFFF
1656677201.575000,18FEDF00,1,850013FF7DE912FF
1656677201.581000,10FF2121,1,72551FC0C0FFFFE1
1656677201.585000,14FEF031,1,FFFFFFFFFFFC00FF
1656677201.591000,CF00400,1,01827D092800F47D
1656677201.597000,18F0233D,1,FFFFFFFFFF2BFFFF
1656677201.601000,CF00400,1,51837DDC2700F47E
1656677201.606000,18FEF000,1,FFFFFF0000F000FF
1656677201.610000,18FEBF0B,1,2B147D7C7B7AFFFF
1656677201.616000,CF00A01,1,26152556FFFFFFFF
1656677201.620000,10F01A01,1,0820FFFFFFFFFFFF
1656677201.626000,CF00400,1,61857FBB2700F480
1656677201.632000,18FEE000,1,DBB83800DBB83800
1656677201.637000,CFF0281,1,0206DA028801BD00
1656677201.640000,CFF0181,1,CC0205001B1B1000
1656677201.645000,18F00E3D,1,BC20FFFFFFFFFFFF
1656677201.651000,18F00F3D,1,9411FFFFFFFFFFFF
1656677201.656000,18FD8C3D,1,6C003E00FFFFFFFF
1656677201.660000,18FDB23D,1,FFFF1C4B2E00FFFF
1656677201.666000,18FDB300,1,FFFF134FFFFFFFFF
1656677201.670000,18FE4F3E,1,0400FFFFFFFFFFFF
1656677201.676000,18FDB400,1,42444244FFFFFFFF
1656677201.681000,CF00400,1,518681932700F482
1656677201.686000,18F0010B,1,C0FFF0FFFF0DFF3F
1656677201.691000,CF00300,1,DC3704FFFFFFD7FF
1656677201.696000,14F00031,1,CFFFFFFFFFFFFFFF
1656677201.701000,18FEF100,1,C358144000000030
1656677201.705000,CF00400,1,218783662700F483
1656677201.711000,18FEDF00,1,850013FF7DBF11FF
1656677201.715000,10FF2121,1,72551FC0C0FFFFE1
1656677201.721000,14F00131,1,FFFFFFFF00FFFFFF
1656677201.726000,CF00400,1,618884452700F485
1656677201.731000,14FF3131,1,0030030000FFFFF0
1656677201.736000,14FEF121,1,F3FFFF4FFFFFFFFF
1656677201.740000,14FF2321,1,100CE1FFFFFFFFFF
1656677201.746000,18F0233D,1,FFFFFFFFFF2BFFFF
1656677201.751000,18FD413D,1,FFFFFFFFFCFCFCFC
1656677201.755000,CF00400,1,0089862E2700F486
1656677201.761000,18F0000F,1,067DFFFF0F7DFFFF
1656677201.765000,14FF0121,1,FFFFFFFFFFFFFCFF
1656677201.771000,14FEF131,1,CFFFFFF300FFFF30
1656677201.776000,CF00A01,1,51151C51FFFFFFFF
1656677201.780000,10F01A01,1,2823FFFFFFFFFFFF
1656677201.786000,10FCFD01,1,FFFFFFFF3331FFFF
1656677201.791000,18FD9401,1,3807FFFF43209A02
1656677201.795000,18FDA101,1,1216FFFFFFFF40FF
1656677201.801000,10FDA301,1,FFFFFFFFFFFFFFFF
1656677201.806000,18FDAA01,1,FFFFFFFFFFFFFF64
1656677201.810000,18FDD001,1,FFFFFF4076FFFFFF
1656677201.815000,1CFE9201,1,FF0071FFFFFFFFFF
1656677201.821000,CF00400,1,2188871C2700F487
1656677201.827000,CFF0381,1,0000000000000106
1656677201.831000,CF00421,1,FFFFFFFFFFFFFFFF
1656677201.835000,18FEDB01,1,402D402D402DFFFF
1656677201.841000,14FF0221,1,FFFFFFFFFFFFFFFF
1656677201.845000,18FD6501,1,2A06FFFFFFFFFFFF
1656677201.851000,18FF3000,1,0000AFFFFFFFFFFF
1656677201.856000,18F00E3D,1,BC20FFFFFFFFFFFF
1656677201.860000,18F00F3D,1,F811FFFFFFFFFFFF
1656677201.866000,C00000B,1,FCFFFAFAFFFFFFFF
1656677201.871000,CF00400,1,1186881B2700F488
1656677201.877000,CF00300,1,DC360BFFFFFFD7FF
1656677201.882000,14FFA000,1,FCFFFFFFFFFFFFFF
1656677201.885000,14FDA421,1,FFFFFFFFFFFFFFFF
1656677201.891000,18FEF200,1,76006605F304FFFF
1656677201.896000,CF00400,1,708588182700F489
1656677201.901000,18FEF117,1,F3FFFFFFFFFFFFFF
1656677201.905000,18FEDF00,1,840013FF7DBF11FF
1656677201.911000,10FF2121,1,72551FC0C0FFFFE1
1656677201.916000,14FEF031,1,FFFFFFFFFFFC00FF
1656677201.920000,C00100B,1,FCFFFA00FFFFFFFF
1656677201.926000,CF00400,1,4084871C2700F487
1656677201.931000,C000F0B,1,FCFFFA00FFFFFFFF
1656677201.936000,18F0233D,1,FFFFFFFFFF2BFFFF
1656677201.940000,C00290B,1,FCFFFA00FFFFFFFF
1656677201.946000,CF00400,1,2081861F2700F486
1656677201.952000,18FEF000,1,FFFFFF0000F000FF
1656677201.955000,18FEBF0B,1,49147D7C7A7AFFFF
1656677201.961000,CF00A01,1,BA14414FFFFFFFFF
1656677201.966000,10F01A01,1,B824FFFFFFFFFFFF
1656677201.970000,CF00400,1,107F852D2700F485
1656677201.976000,18FEE000,1,DBB83800DBB83800
1656677201.981000,CFF0281,1,4A037F01D2006100
1656677201.985000,18F00E3D,1,BC20FFFFFFFFFFFF
1656677201.990000,18F00F3D,1,3412FFFFFFFFFFFF
1656677201.996000,18FD8C3D,1,64003000FFFFFFFF
1656677202.000000,18FDB23D,1,FFFF1C4B2E00FFFF
1656677202.006000,18FDB300,1,FFFF134FFFFFFFFF
1656677202.010000,18FE4F3E,1,0400FFFFFFFFFFFF
1656677202.016000,18FDB400,1,9E449E44FFFFFFFF
1656677202.021000,CF00400,1,117D84372700F484
1656677202.026000,18F0010B,1,C0FFF0FFFF0DFF3F
1656677202.031000,CF00300,1,DC2107FFFFFFD4FF
1656677202.037000,14F00031,1,CFFFFFFFFFFFFFFF
1656677202.041000,18FEF100,1,C36E144000000030
1656677202.045000,CF00400,1,117D813B2700F481
1656677202.052000,18FEDF00,1,840013FF7DB310FF
1656677202.055000,14F00131,1,FFFFFFFF00FFFFFF
1656677202.061000,10FF2121,1,72551FC0C0FFFFE1
1656677202.065000,CF00400,1,417D7E492700F47F
1656677202.071000,14FF3131,1,0030030000FFFFF0
1656677202.076000,14FEF121,1,F3FFFF4FFFFFFFFF
1656677202.081000,14FF2321,1,100CE1FFFFFFFFFF
1656677202.085000,18F0233D,1,FFFFFFFFFF2BFFFF
1656677202.091000,18FD413D,1,FFFFFFFFFCFCFCFC
1656677202.096000,CF00400,1,017D7D452700F47D
1656677202.101000,18F0000F,1,067DFFFF0F7DFFFF
1656677202.106000,14FEF131,1,CFFFFFF300FFFF30
1656677202.110000,14FF0121,1,FFFFFFFFFFFFFCFF
1656677202.116000,CF00A01,1,F013E84DFFFFFFFF
1656677202.120000,10F01A01,1,4826FFFFFFFFFFFF
1656677202.126000,18FF1919,1,01030A02FFFFFFFF
1656677202.130000,10FCFD01,1,FFFFFFFF592BFFFF
1656677202.136000,18FD9401,1,3807FFFF44208F02
1656677202.140000,18FDA101,1,CC15FFFFFFFF40FF
1656677202.146000,10FDA301,1,FFFFFFFFFFFFFFFF
1656677202.151000,18FDAA01,1,FFFFFFFFFFFFFF61
1656677202.155000,18FDD001,1,FFFFFF2C61FFFFFF
1656677202.161000,CF00400,1,017D7D382700F47D
1656677202.166000,CFF0381,1,0000000000000007
1656677202.171000,CF00421,1,FFFFFFFFFFFFFFFF
1656677202.176000,18FF1B19,1,FFFCFFFFFFFFFFFF
1656677202.180000,14FF0221,1,FFFFFFFFFFFFFFFF
1656677202.186000,18FF3000,1,0000AFFFFFFFFFFF
1656677202.190000,1CFE9201,1,FF0071FFFFFFFFFF
1656677202.195000,18FEDB01,1,402D402D402DFFFF
1656677202.201000,18F00E3D,1,A820FFFFFFFFFFFF
1656677202.206000,18F00F3D,1,4812FFFFFFFFFFFF
1656677202.210000,18E00019,1,00FFFFFFFFFFFFFF
1656677202.216000,C00000B,1,FCFFFAFAFFFFFFFF
1656677202.220000,CF00400,1,017D7D1F2700F47D
1656677202.226000,CF00300,1,DC0F00FFFFFFCFFF
1656677202.232000,14FFA000,1,FCFFFFFFFFFFFFFF
1656677202.235000,14FDA421,1,FFFFFFFFFFFFFFFF
1656677202.240000,18FEF200,1,E8006D06F304FFFF
1656677202.246000,18FEF719,1,FFFFFFFFFFFF1A01
1656677202.251000,CF00400,1,017D7DFB2600F47D
1656677202.256000,18FEF117,1,F3FFFFFFFFFFFFFF
1656677202.260000,18FEDF00,1,840013FF7DB310FF
1656677202.266000,10FF2121,1,72551FC0C0FFFFE1
1656677202.271000,14FEF031,1,FFFFFFFFFFFC00FF
1656677202.275000,18FF2221,1,0355CF0733F3FFFF
1656677202.281000,CF00400,1,017D7DCE2600F47D
1656677202.286000,18FF2421,1,92F0FFFFFFFFFFFF
1656677202.291000,18F0233D,1,FFFFFFFFFF2BFFFF
1656677202.295000,CF00400,1,017D7DAE2600F47D
1656677202.301000,18FEF000,1,FFFFFF0000F000FF
1656677202.305000,18FEBF0B,1,6A147C7D7879FFFF
1656677202.311000,CF00A01,1,F813014DFFFFFFFF
1656677202.315000,10F01A01,1,D827FFFFFFFFFFFF
1656677202.321000,CF00400,1,017D7D8D2600F47D
1656677202.326000,18FEE000,1,DBB83800DBB83800
1656677202.331000,CFF0281,1,44037E01D3006200
1656677202.335000,18F00E3D,1,8020FFFFFFFFFFFF
1656677202.341000,18F00F3D,1,8412FFFFFFFFFFFF
1656677202.346000,18FD8C3D,1,64003000FFFFFFFF
1656677202.350000,18FDB23D,1,FFFF1C4B2E00FFFF
1656677202.356000,18FDB300,1,FFFF134FFFFFFFFF
1656677202.360000,18FDB400,1,9E449E44FFFFFFFF
1656677202.366000,18FE4F3E,1,0400FFFFFFFFFFFF
1656677202.371000,CF00400,1,017D7D5C2600F47D
1656677202.376000,18F0010B,1,C0FFF0FFFF0DFF3F
1656677202.381000,CF00300,1,DC0600FFFFFFCDFF
1656677202.386000,14F00031,1,CFFFFFFFFFFFFFFF
1656677202.391000,18FEF100,1,C37C144000000030
1656677202.395000,CF00400,1,017D7D3B2600F47D
1656677202.401000,18FEDF00,1,840013FF7D0F10FF
1656677202.406000,10FF2121,1,72551FC0C0FFFFE1
1656677202.410000,14F00131,1,FFFFFFFF00FFFFFF
1656677202.416000,CF00400,1,017D7D172600F47D
1656677202.421000,14FF3131,1,0030030000FFFFF0
1656677202.426000,14FEF121,1,F3FFFF4FFFFFFFFF
1656677202.430000,14FF2321,1,100CE1FFFFFFFFFF
1656677202.436000,18F0233D,1,FFFFFFFFFF2BFFFF
1656677202.440000,18FD413D,1,FFFFFFFFFCFCFCFC
1656677202.446000,CF00400,1,017D7DF12500F47D
1656677202.451000,18F0000F,1,067DFFFF0F7DFFFF
1656677202.455000,14FEF131,1,CFFFFFF300FFFF30
1656677202.461000,14FF0121,1,FFFFFFFFFFFFFCFF
1656677202.465000,CF00A01,1,FC12F049FFFFFFFF
1656677202.471000,10F01A01,1,F82AFFFFFFFFFFFF
1656677202.475000,10FCFD01,1,FFFFFFFF502BFFFF
1656677202.481000,18FD9401,1,3807FFFF49208E02
1656677202.486000,18FDA101,1,BF16FFFFFFFF40FF
1656677202.490000,10FDA301,1,FFFFFFFFFFFFFFFF
1656677202.495000,18FDAA01,1,FFFFFFFFFFFFFF5E
1656677202.501000,18FDD001,1,FFFFFF2C61FFFFFF
1656677202.506000,1CFE9201,1,FF0071FFFFFFFFFF
1656677202.510000,CF00400,1,017D7DC62500F47D
1656677202.516000,CFF0381,1,0000000000000007
1656677202.521000,CF00421,1,FFFFFFFFFFFFFFFF
1656677202.525000,18FEDB01,1,402D402D402DFFFF
1656677202.531000,14FF0221,1,FFFFFFFFFFFFFFFF
1656677202.535000,18F00E3D,1,C81EFFFFFFFFFFFF
1656677202.540000,18FF3000,1,0000AFFFFFFFFFFF
1656677202.546000,18F00F3D,1,AC12FFFFFFFFFFFF
1656677202.551000,C00000B,1,FCFFFAFAFFFFFFFF
1656677202.555000,CF00400,1,017D7DA42500F47D
1656677202.561000,CF00300,1,DC0200FFFFFFCAFF
1656677202.566000,14FFA000,1,FCFFFFFFFFFFFFFF
1656677202.571000,14FDA421,1,FFFFFFFFFFFFFFFF
1656677202.575000,18FEF200,1,6A006D06F304FFFF
1656677202.581000,CF00400,1,017D7D802500F47D
1656677202.587000,18FEF117,1,F3FFFFFFFFFFFFFF
1656677202.590000,18FEDF00,1,840013FF7D0F10FF
1656677202.595000,14FEF031,1,FFFFFFFFFFFC00FF
1656677202.601000,10FF2121,1,72551FC0C0FFFFE1
1656677202.605000,C00100B,1,FCFFFA00FFFFFFFF
1656677202.611000,CF00400,1,017D7D5C2500F47D
1656677202.617000,C000F0B,1,FCFFFA00FFFFFFFF
1656677202.620000,18F0233D,1,FFFFFFFFFF2CFFFF
1656677202.626000,C00290B,1,FCFFFA00FFFFFFFF
1656677202.630000,CF00400,1,017D7D382500F47D
1656677202.636000,18FEF000,1,FFFFFF0000F000FF
1656677202.640000,18FEBF0B,1,62147B7E7979FFFF
1656677202.646000,CF00A01,1,2B12E347FFFFFFFF
1656677202.651000,10F01A01,1,882CFFFFFFFFFFFF
1656677202.655000,CF00400,1,017D7D142500F47D
1656677202.661000,18FEE000,1,DBB83800DBB83800
1656677202.666000,CFF0281,1,45038001D2006100
1656677202.671000,18F00E3D,1,501EFFFFFFFFFFFF
1656677202.675000,18F00F3D,1,D412FFFFFFFFFFFF
1656677202.681000,18FF01CA,1,F0FFFFFF04C9061A
1656677202.686000,18FD8C3D,1,64003000FFFFFFFF
1656677202.690000,18FDB23D,1,FFFF1C4B2E00FFFF
1656677202.696000,18FDB300,1,FFFF134FFFFFFFFF
1656677202.701000,18FE4F3E,1,0400FFFFFFFFFFFF
1656677202.705000,18FDB400,1,9E449E44FFFFFFFF
1656677202.711000,CF00400,1,017D7DE92400F47D
1656677202.717000,18F0010B,1,C0FFF0FFFF0DFF3F
1656677202.720000,CF00300,1,DD0000FFFFFFCAFF
1656677202.726000,14F00031,1,CFFFFFFFFFFFFFFF
1656677202.730000,18FEF100,1,C35E144000000030
1656677202.736000,18FDE000,1,FFFFFFFF2023FFFF
1656677202.740000,CF00400,1,017D7DC42400F47D
1656677202.746000,18FEDF00,1,840013FF7D320FFF
1656677202.751000,18FEEF00,1,B8FFFF4CFFFFFFFA
1656677202.755000,14F00131,1,FFFFFFFF00FFFFFF
1656677202.761000,10FF2121,1,72551FC0C0FFFFE1
1656677202.766000,CF00400,1,017D7DA42400F47D
1656677202.771000,18FCDC00,1,E0FEFEFFFFFFFFFF
1656677202.775000,14FF3131,1,0030030000FFFFF0
1656677202.781000,14FEF121,1,F3FFFF4FFFFFFFFF
1656677202.785000,14FF2321,1,100CE1FFFFFFFFFF
1656677202.791000,18F0233D,1,FFFFFFFFFF2CFFFF
1656677202.796000,18FD413D,1,FFFFFFFFFCFCFCFC
1656677202.800000,CF00400,1,017D7D802400F47D
1656677202.806000,18F0000F,1,067DFFFF0F7DFFFF
1656677202.810000,14FEF131,1,CFFFFFF300FFFF30
1656677202.816000,14FF0121,1,FFFFFFFFFFFFFCFF
1656677202.820000,CF00A01,1,FC103346FFFFFFFF
1656677202.826000,10F01A01,1,182EFFFFFFFFFFFF
1656677202.831000,10FCFD01,1,FFFFFFFFA92AFFFF
1656677202.835000,18FD9401,1,3807FFFF4C208D02
1656677202.841000,18FDA101,1,CB16FFFFFFFF40FF
1656677202.846000,10FDA301,1,FFFFFFFFFFFFFFFF
1656677202.850000,18FDAA01,1,FFFFFFFFFFFFFF5C
1656677202.856000,18FDD001,1,FFFFFF2C61FFFFFF
1656677202.860000,1CFE9201,1,FF0071FFFFFFFFFF
1656677202.866000,CF00400,1,017D7D542400F47D
1656677202.872000,CFF0381,1,0000000000000007
1656677202.875000,18FEDB01,1,402D402D402DFFFF
1656677202.881000,CF00421,1,FFFFFFFFFFFFFFFF
1656677202.886000,18F00E3D,1,281EFFFFFFFFFFFF
1656677202.890000,14FF0221,1,FFFFFFFFFFFFFFFF
1656677202.895000,18F00F3D,1,E812FFFFFFFFFFFF
1656677202.901000,18FF3000,1,0000AFFFFFFFFFFF
1656677202.906000,C00000B,1,FCFFFAFAFFFFFFFF
1656677202.910000,CF00400,1,017D7D312400F47D
1656677202.916000,CF00300,1,DD0000FFFFFFCAFF
1656677202.921000,14FFA000,1,FCFFFFFFFFFFFFFF
1656677202.926000,18A9FE31,1,FFFFFFFFFFFFFFFF
1656677202.930000,18FEF200,1,5E00E504F304FFFF
1656677202.936000,14FDA421,1,FFFFFFFFFFFFFFFF
1656677202.940000,18FEF500,1,CAFFFFFFFF4BFFFF
1656677202.946000,CF00400,1,017D7D162400F47D
1656677202.951000,18FEF117,1,F3FFFFFFFFFFFFFF
1656677202.956000,18FEDF00,1,840013FF7D320FFF
1656677202.960000,14FEF031,1,FFFFFFFFFFFC00FF
1656677202.966000,10FF2121,1,72551FC0C0FFFFE1
1656677202.971000,CF00400,1,017D7DF42300F47D
1656677202.976000,18FEEE00,1,824B002FFFFF4BFF
1656677202.981000,18F0233D,1,FFFFFFFFFF2CFFFF
1656677202.986000,CF00400,1,017D7DD12300F47D
1656677202.991000,18FEF000,1,FFFFFF0000F000FF
1656677202.995000,18FEA400,1,FFFFFFFF857F2022
1656677203.001000,18FEBF0B,1,5F147D7D7979FFFF
1656677203.005000,CF00A01,1,2C10A744FFFFFFFF
1656677203.011000,10F01A01,1,A82FFFFFFFFFFFFF
1656677203.015000,CF00400,1,017D7DB22300F47D
1656677203.021000,14FD3E00,1,8C4CFF604FFFFFFF
1656677203.026000,CFF0281,1,45038001D2006100
1656677203.030000,18FEE000,1,DBB83800DBB83800
1656677203.036000,18F00E3D,1,D81DFFFFFFFFFFFF
1656677203.040000,18F00F3D,1,FC12FFFFFFFFFFFF
1656677203.045000,18FD8C3D,1,64003000FFFFFFFF
1656677203.051000,18FDB23D,1,FFFF1C4B2E00FFFF
1656677203.056000,18FDB300,1,FFFF134FFFFFFFFF
1656677203.060000,18FE4F3E,1,0400FFFFFFFFFFFF
1656677203.066000,18FDB400,1,9E449E44FFFFFFFF
1656677203.070000,CF00400,1,017D7D942300F47D
1656677203.076000,18F0010B,1,C0FFF0FFFF0DFF3F
1656677203.080000,CF00300,1,DD0000FFFFFFC8FF
1656677203.086000,14F00031,1,CFFFFFFFFFFFFFFF
1656677203.091000,18FEF100,1,C3B2144000000030
1656677203.095000,18FEBD00,1,00F00000FFFFFFFF
1656677203.101000,CF00400,1,017D7D6E2300F47D
1656677203.106000,18FEDF00,1,840013FF7D4B0EFF
1656677203.111000,18FF7400,1,D600FFFFFFFCFFFF
1656677203.115000,14F00131,1,FFFFFFFF00FFFFFF
1656677203.121000,10FF2121,1,72551FC0C0FFFFE1
1656677203.125000,CF00400,1,017D7D522300F47D
1656677203.131000,18FD7C00,1,F8F7D07431FFE3FF
1656677203.135000,14FF3131,1,0030030000FFFFF0
1656677203.140000,14FEF121,1,F3FFFF4FFFFFFFFF
1656677203.146000,14FF2321,1,100CE1FFFFFFFFFF
1656677203.151000,18F0233D,1,FFFFFFFFFF2CFFFF
1656677203.155000,18FD413D,1,FFFFFFFFFCFCFCFC
1656677203.161000,CF00400,1,017D7D362300F47D
1656677203.166000,18F0000F,1,067DFFFF0F7DFFFF
1656677203.171000,18FEF600,1,FF2D4B60FF4044FF
1656677203.176000,14FEF131,1,CFFFFFF300FFFF30
1656677203.181000,18FEE400,1,007FFFFC007FFFFF
1656677203.185000,14FF0121,1,FFFFFFFFFFFFFCFF
1656677203.191000,CF00A01,1,A70E3841FFFFFFFF
1656677203.195000,10F01A01,1,C832FFFFFFFFFFFF
1656677203.201000,10FCFD01,1,FFFFFFFF5C29FFFF
1656677203.206000,18FD9401,1,3807FFFF50208C02
1656677203.210000,18FDA101,1,6316FFFFFFFF40FF
1656677203.216000,10FDA301,1,FFFFFFFFFFFFFFFF
1656677203.220000,18FDAA01,1,FFFFFFFFFFFFFF57
1656677203.226000,18FDD001,1,FFFFFF2C61FFFFFF
1656677203.231000,1CFE9201,1,FF0071FFFFFFFFFF
1656677203.235000,CF00400,1,017D7D122300F47D
1656677203.241000,CFF0381,1,0000000000000007
1656677203.246000,CF00421,1,FFFFFFFFFFFFFFFF
1656677203.250000,18FEDB01,1,402D402D402DFFFF
1656677203.256000,14FF0221,1,FFFFFFFFFFFFFFFF
1656677203.261000,18F00E3D,1,0C1CFFFFFFFFFFFF
1656677203.265000,18FF3000,1,0000AFFFFFFFFFFF
1656677203.270000,18F00F3D,1,1013FFFFFFFFFFFF
1656677203.276000,C00000B,1,FCFFFAFAFFFFFFFF
1656677203.281000,CF00400,1,017D7DED2200F47D
1656677203.286000,CF00300,1,DD0000FFFFFFC8FF
1656677203.291000,14FFA000,1,FCFFFFFFFFFFFFFF
1656677203.296000,14FDA421,1,FFFFFFFFFFFFFFFF
1656677203.301000,18FEF200,1,5A00E504F304FFFF
1656677203.307000,CF00400,1,017D7DCA2200F47D
1656677203.312000,18FEF117,1,F3FFFFFFFFFFFFFF
1656677203.315000,18FEDF00,1,840013FF7D4B0EFF
1656677203.321000,14FEF031,1,FFFFFFFFFFFC00FF
1656677203.326000,18FE5600,1,B63EFFFF1F1F00FF
1656677203.330000,10FF2121,1,72551FC0C0FFFFE1
1656677203.336000,C00100B,1,FCFFFA00FFFFFFFF
1656677203.340000,CF00400,1,017D7DAA2200F47D
1656677203.346000,18FEC100,1,5E0D8A055E0D8A05
1656677203.351000,C000F0B,1,FCFFFA00FFFFFFFF
1656677203.355000,18F0233D,1,FFFFFFFFFF2CFFFF
1656677203.361000,C00290B,1,FCFFFA00FFFFFFFF
1656677203.366000,CF00400,1,017D7D8E2200F47D
1656677203.371000,18FEF000,1,FFFFFF0000F000FF
1656677203.376000,18FEF700,1,FFFFFFFF1A011A01
1656677203.380000,18FEBF0B,1,54147D7D797BFFFF
1656677203.386000,CF00A01,1,8A0ED83FFFFFFFFF
1656677203.390000,10F01A01,1,5834FFFFFFFFFFFF
1656677203.396000,CF00400,1,017D7D6D2200F47D
1656677203.401000,18FEE000,1,DBB83800DBB83800
1656677203.406000,CFF0281,1,45038001D7006400
1656677203.411000,18F00E3D,1,BC1BFFFFFFFFFFFF
1656677203.415000,18F00F3D,1,FC12FFFFFFFFFFFF
1656677203.421000,18FECA3D,1,03FF00000000FFFF
1656677203.425000,18FD8C3D,1,64003000FFFFFFFF
1656677203.431000,18FDB23D,1,FFFF1C4B2E00FFFF
1656677203.436000,18FDB300,1,FFFF134FFFFFFFFF
1656677203.440000,18FDB400,1,9E449E44FFFFFFFF
1656677203.445000,18FE4F3E,1,0400FFFFFFFFFFFF
1656677203.451000,18FFA63D,1,00FF00000000FFFF
1656677203.456000,CF00400,1,017D7D482200F47D
1656677203.461000,18F0010B,1,C0FFF0FFFF0DFF3F
1656677203.466000,CF00300,1,DD0000FFFFFFC8FF
1656677203.471000,14F00031,1,CFFFFFFFFFFFFFFF
1656677203.476000,18FEF100,1,C3A6144000000030
1656677203.480000,CF00400,1,017D7D242200F47D
1656677203.486000,18FEDF00,1,840013FF7D8B0DFF
1656677203.491000,14F00131,1,FFFFFFFF00FFFFFF
1656677203.495000,10FF2121,1,72551FC0C0FFFFE1
1656677203.501000,18FD9B3D,1,FFFFFFFFFFFFFFFF
1656677203.505000,CF00400,1,017D7D062200F47D
1656677203.511000,14FF3131,1,0030030000FFFFF0
1656677203.515000,14FEF121,1,F3FFFF4FFFFFFFFF
1656677203.521000,14FF2321,1,100CE1FFFFFFFFFF
1656677203.526000,18F0233D,1,FFFFFFFFFF2CFFFF
1656677203.530000,18FD413D,1,FFFFFFFFFCFCFCFC
1656677203.536000,CF00400,1,017D7DE82100F47D
1656677203.541000,18F0000F,1,067DFFFF0F7DFFFF
1656677203.546000,14FEF131,1,CFFFFFF300FFFF30
1656677203.551000,14FF0121,1,FFFFFFFFFFFFFCFF
1656677203.555000,CF00A01,1,300F4C3EFFFFFFFF
1656677203.561000,10F01A01,1,E835FFFFFFFFFFFF
1656677203.565000,18FECA01,1,03FF00000000FFFF
1656677203.571000,10FCFD01,1,FFFFFFFFA928FFFF
1656677203.576000,18FD9401,1,C407FFFF4F208C02
1656677203.580000,18FDA101,1,B415FFFFFFFF40FF
1656677203.586000,10FDA301,1,FFFFFFFFFFFFFFFF
1656677203.590000,18FDAA01,1,FFFFFFFFFFFFFF55
1656677203.596000,18FDD001,1,FFFFFF2C61FFFFFF
1656677203.601000,1CFE9201,1,FF0071FFFFFFFFFF
1656677203.605000,CF00400,1,017D7DC82100F47D
1656677203.611000,CF00421,1,FFFFFFFFFFFFFFFF
1656677203.616000,CFF0381,1,0000000000000007
1656677203.620000,14FF0221,1,FFFFFFFFFFFFFFFF
1656677203.626000,18FEDB01,1,402D402D402DFFFF
1656677203.631000,18FF3000,1,0000AFFFFFFFFFFF
1656677203.635000,18FFA53D,1,000A5B1B624F8B4C
1656677203.641000,18FD6501,1,540CFFFFFFFFFFFF
1656677203.645000,18FD6601,1,FF7FFFFFFFFFFFFF
1656677203.651000,18FE6901,1,8426602DFFFF1724
1656677203.656000,18FE9701,1,FFFFFFFFFFFFFFFF
1656677203.660000,18FE9801,1,6027FFFFFFFFFFFF
1656677203.666000,C00000B,1,FCFFFAFAFFFFFFFF
1656677203.671000,18FE9901,1,007DFFFFFFFFFFFF
1656677203.675000,18FE9A01,1,201DFFFFFFFFFFFF
1656677203.681000,18FEDD01,1,FF0841FFFFFFFFFF
1656677203.685000,CF00400,1,017D7DA42100F47D
1656677203.692000,18F00E3D,1,1C1BFFFFFFFFFFFF
1656677203.695000,CF00300,1,DD0000FFFFFFC5FF
1656677203.701000,14FDA421,1,FFFFFFFFFFFFFFFF
1656677203.705000,14FFA000,1,FCFFFFFFFFFFFFFF
1656677203.710000,18F00F3D,1,FC12FFFFFFFFFFFF
1656677203.716000,18FEF200,1,5600AE08F304FFFF
1656677203.721000,18FFAA01,1,00FAE02234809557
1656677203.726000,18FFAB01,1,251600FC7C3BF401
1656677203.730000,18FFAC01,1,00181B192E30F0FF
1656677203.736000,18FFAD01,1,0C3DFFFFFFFFFFFF
1656677203.740000,18FFAE01,1,00FF00000000FFFF
1656677203.746000,18FECA0B,1,00FF00000000FFFF
1656677203.751000,CF00400,1,017D7D802100F47D
1656677203.756000,18FEDF00,1,840013FF7D8B0DFF
1656677203.761000,14FEF031,1,FFFFFFFFFFFC00FF
1656677203.765000,10FF2121,1,72551FC0C0FFFFE1
1656677203.771000,18FEF117,1,F3FFFFFFFFFFFFFF
1656677203.775000,CF00400,1,017D7D642100F47D
1656677203.781000,18F0233D,1,FFFFFFFFFF2CFFFF
1656677203.786000,CF00400,1,017D7D462100F47D
1656677203.791000,18FEF000,1,FFFFFF0000F000FF
1656677203.795000,18FEBF0B,1,4E147C7D797AFFFF
1656677203.801000,CF00A01,1,EB0FC03CFFFFFFFF
1656677203.806000,10F01A01,1,7837FFFFFFFFFFFF
1656677203.810000,18FD3C3D,1,4409FFFFFFFDFFFF
1656677203.816000,CF00400,1,017D7D262100F47D
1656677203.821000,18FEE000,1,DBB83800DBB83800
1656677203.826000,CFF0281,1,44037F01D2006100
1656677203.831000,18F00E3D,1,DC19FFFFFFFFFFFF
1656677203.836000,18F00F3D,1,FC12FFFFFFFFFFFF
1656677203.840000,18FD8C3D,1,46001D00FFFFFFFF
1656677203.845000,18FDB23D,1,FFFF1C4B2300FFFF
1656677203.851000,18FDB300,1,FFFFB74EFFFFFFFF
1656677203.855000,18FDB400,1,9E449E44FFFFFFFF
1656677203.861000,18FE4F3E,1,0400FFFFFFFFFFFF
1656677203.865000,CF00400,1,017D7D062100F47D
1656677203.871000,18F0010B,1,C0FFF0FFFF0DFF3F
1656677203.875000,CF00300,1,DD0000FFFFFFC3FF
1656677203.881000,14F00031,1,CFFFFFFFFFFFFFFF
1656677203.886000,18FEF100,1,C390144000000030
1656677203.890000,18E00021,1,FFFFFFFFFFFFFFFF
1656677203.896000,18FD0700,1,0300003FFCFFFFFF
1656677203.901000,18FFA33D,1,0000EF058010FFFF
1656677203.905000,CF00400,1,017D7DDD2000F47D
1656677203.911000,18FEDF00,1,840013FF7DB00CFF
1656677203.915000,14F00131,1,FFFFFFFF00FFFFFF
1656677203.921000,10FF2121,1,72551FC0C0FFFFE1
1656677203.925000,18FFA43D,1,E0008F000000FDFF
1656677203.931000,CF00400,1,017D7DC02000F47D
1656677203.936000,14FF3131,1,0030030000FFFFF0
1656677203.940000,10FECA47,1,00FF00000000FFFF
1656677203.946000,14FEF121,1,F3FFFF4FFFFFFFFF
1656677203.951000,14FF2321,1,100CE1FFFFFFFFFF
1656677203.955000,18F0233D,1,FFFFFFFFFF2CFFFF
1656677203.961000,18FD413D,1,FFFFFFFFFCFCFCFC
1656677203.965000,18FFA23D,1,00007A1CCE27900F
1656677203.971000,CF00400,1,017D7DA42000F47D
1656677203.976000,18F0000F,1,067DFFFF0F7DFFFF
1656677203.981000,10FECA31,1,00FF00000000FFFF
1656677203.985000,14FEF131,1,CFFFFFF300FFFF30
1656677203.991000,14FF0121,1,FFFFFFFFFFFFFCFF
1656677203.995000,CF00A01,1,98107539FFFFFFFF
1656677204.001000,18FF1919,1,01030A02FFFFFFFF
1656677204.005000,10F01A01,1,983AFFFFFFFFFFFF
1656677204.011000,10FCFD01,1,FFFFFFFF1628FFFF
1656677204.015000,18FD9401,1,C407FFFF4C208C02
1656677204.021000,18FDA101,1,9D16FFFFFFFF40FF
1656677204.026000,10FDA301,1,FFFFFFFFFFFFFFFF
1656677204.030000,18FDAA01,1,FFFFFFFFFFFFFF54
1656677204.036000,18FDD001,1,FFFFFF2054FFFFFF
1656677204.040000,CF00400,1,017D7D8C2000F47D
1656677204.046000,CF00421,1,FFFFFFFFFFFFFFFF
1656677204.050000,CFF0381,1,0000000000000007
1656677204.056000,10FECA21,1,00FF00000000FFFF
1656677204.061000,18FF1B19,1,FFFCFFFFFFFFFFFF
1656677204.065000,14FF0221,1,FFFFFFFFFFFFFFFF
1656677204.071000,18FF3000,1,0000AFFFFFFFFFFF
1656677204.075000,1CFE9201,1,FF0071FFFFFFFFFF
1656677204.081000,18FEDB01,1,202A202A202AFFFF
1656677204.086000,18FFA03D,1,2A492D012B0023FF
1656677204.090000,18F00E3D,1,C418FFFFFFFFFFFF
1656677204.095000,18F00F3D,1,E812FFFFFFFFFFFF
1656677204.101000,C00000B,1,FCFFFAFAFFFFFFFF
1656677204.106000,18FFA13D,1,570C8A0F2F000041
1656677204.110000,CF00400,1,017D7D6C2000F47D
1656677204.116000,CF00300,1,DD0000FFFFFFC3FF
1656677204.122000,14FFA000,1,FCFFFFFFFFFFFFFF
1656677204.125000,14FDA421,1,FFFFFFFFFFFFFFFF
1656677204.131000,18FEF200,1,4C00AE08F304FFFF
1656677204.136000,1CFEC347,1,FFFFFFFFFFFFFFFF
1656677204.140000,CF00400,1,017D7D3D2000F47D
1656677204.146000,18EA4A17,1,E6FE00
1656677204.151000,18FD0517,1,03033FFFFFFFFFFF
1656677204.155000,18FD0417,1,C0FFFFFFFFFFFFFF
1656677204.161000,14FEF031,1,FFFFFFFFFFFC00FF
1656677204.165000,18FEDF00,1,840013FF7DB00CFF
1656677204.171000,10FF2121,1,72551FC0C0FFFFE1
1656677204.176000,18FEF717,1,FFFFFFFF1A01FFFF
1656677204.180000,18FEFA17,1,FFCEB4FFFFFFFFFF
1656677204.186000,18FF1817,1,000000000000FFFF
1656677204.190000,18FF1917,1,54FFFFFF000000E4
1656677204.196000,18FECA17,1,00FF00000000FFFF
1656677204.201000,18FEFC17,1,FF82FFFFFFFFFFFF
1656677204.205000,18FEF117,1,F3FFFFFFFFFFFFFF
1656677204.211000,18EA4A17,1,E8FE00
1656677204.215000,18FEC117,1,5E0D8A05FFFFFFFF
1656677204.221000,C00100B,1,FCFFFA00FFFFFFFF
1656677204.226000,CF00400,1,017D7D1A2000F47D
1656677204.232000,18FF2421,1,92F0FFFFFFFFFFFF
1656677204.235000,C000F0B,1,FCFFFA00FFFFFFFF
1656677204.240000,18F0233D,1,FFFFFFFFFF2CFFFF
1656677204.246000,C00290B,1,FCFFFA00FFFFFFFF
1656677204.251000,CF00400,1,017D7DFA1F00F47D
1656677204.256000,18FEF000,1,FFFFFF0000F000FF
1656677204.261000,10FECA25,1,00FF00000000FFFF
1656677204.266000,18FEBF0B,1,44147B7E797BFFFF
1656677204.270000,CF00A01,1,98100638FFFFFFFF
1656677204.276000,10F01A01,1,283CFFFFFFFFFFFF
1656677204.280000,CF00400,1,017D7DDD1F00F47D
1656677204.286000,CFF0281,1,44037E01D2006100
1656677204.290000,18FEE000,1,DBB83800DBB83800
1656677204.296000,18F00E3D,1,1018FFFFFFFFFFFF
1656677204.301000,18FEF521,1,FFFFFFA022FFFFFF
1656677204.305000,18F00F3D,1,E812FFFFFFFFFFFF
1656677204.311000,18FD8C3D,1,46001D00FFFFFFFF
1656677204.315000,18FDB23D,1,FFFF1C4B2300FFFF
1656677204.321000,18FDB300,1,FFFFB74EFFFFFFFF
1656677204.326000,18FDB400,1,9E449E44FFFFFFFF
1656677204.330000,18FE4F3E,1,0400FFFFFFFFFFFF
1656677204.336000,CF00400,1,017D7DBD1F00F47D
1656677204.342000,18F0010B,1,C0FFF0FFFF0DFF3F
1656677204.345000,CF00300,1,DD0000FFFFFFC0FF
1656677204.351000,14F00031,1,CFFFFFFFFFFFFFFF
1656677204.355000,18FEF100,1,C35A144000000030
1656677204.361000,CF00400,1,017D7DA01F00F47D
1656677204.366000,18FEDF00,1,830013FF7DF60BFF
1656677204.371000,14F00131,1,FFFFFFFF00FFFFFF
1656677204.375000,10FF2121,1,72551FC0C0FFFFE1
1656677204.380000,CF00400,1,017D7D801F00F47D
1656677204.386000,14FF3131,1,0030030000FFFFF0
1656677204.390000,14FEF121,1,F3FFFF4FFFFFFFFF
1656677204.396000,14FF2321,1,100CE1FFFFFFFFFF
1656677204.401000,18F0233D,1,FFFFFFFFFF2CFFFF
1656677204.405000,18FD413D,1,FFFFFFFFFCFCFCFC
1656677204.411000,CF00400,1,017D7D5A1F00F47D
1656677204.416000,18F0000F,1,067DFFFF0F7DFFFF
1656677204.421000,18FECA00,1,03FF00000000FFFF
1656677204.426000,14FEF131,1,CFFFFFF300FFFF30
1656677204.431000,14FF0121,1,FFFFFFFFFFFFFCFF
1656677204.436000,CF00A01,1,98109E36FFFFFFFF
1656677204.440000,10F01A01,1,B83DFFFFFFFFFFFF
1656677204.446000,10FCFD01,1,FFFFFFFF7927FFFF
1656677204.451000,18FD9401,1,C407FFFF48208C02
1656677204.455000,18FDA101,1,4016FFFFFFFF40FF
1656677204.461000,10FDA301,1,FFFFFFFFFFFFFFFF
1656677204.465000,18FDAA01,1,FFFFFFFFFFFFFF52
1656677204.471000,18FDD001,1,FFFFFF2054FFFFFF
1656677204.476000,1CFE9201,1,FF0071FFFFFFFFFF
1656677204.480000,CF00400,1,017D7D341F00F47D
1656677204.486000,CFF0381,1,0000000000000007
1656677204.491000,CF00421,1,FFFFFFFFFFFFFFFF
1656677204.495000,18FEDB01,1,202A202A202AFFFF
1656677204.501000,14FF0221,1,FFFFFFFFFFFFFFFF
1656677204.506000,18F00E3D,1,C017FFFFFFFFFFFF
1656677204.510000,18FF3000,1,0000AFFFFFFFFFFF
1656677204.516000,18F00F3D,1,E812FFFFFFFFFFFF
1656677204.520000,C00000B,1,FCFFFAFAFFFFFFFF
1656677204.526000,CF00400,1,017D7D161F00F47D
1656677204.531000,CF00300,1,DD0000FFFFFFBEFF
1656677204.537000,14FFA000,1,FCFFFFFFFFFFFFFF
1656677204.540000,14FDA421,1,FFFFFFFFFFFFFFFF
1656677204.546000,18FEF200,1,48000E0AF304FFFF
1656677204.550000,CF00400,1,017D7DFD1E00F47D
1656677204.556000,18FEF117,1,F3FFFFFFFFFFFFFF
1656677204.561000,18FEDF00,1,830013FF7DF60BFF
1656677204.565000,14FEF031,1,FFFFFFFFFFFC00FF
1656677204.571000,10FF2121,1,72551FC0C0FFFFE1
1656677204.576000,18EA0090,1,E5FE00
1656677204.580000,CF00400,1,017D7DDD1E00F47D
1656677204.586000,18FEE500,1,959F0200C6E60800
1656677204.590000,18FEF621,1,FFFFFFFFFFFFFFFF
1656677204.596000,18F0233D,1,FFFFFFFFFF2CFFFF
1656677204.601000,CF00400,1,017D7DB41E00F47D
1656677204.606000,18FEF000,1,FFFFFF0000F000FF
1656677204.611000,18FEF721,1,FFFFFFFF1A01FFFF
1656677204.615000,18FEBF0B,1,44147C7D787AFFFF
1656677204.621000,CF00A01,1,90104435FFFFFFFF
1656677204.626000,10F01A01,1,483FFFFFFFFFFFFF
1656677204.630000,CF00400,1,017D7D921E00F47D
1656677204.636000,CFF0281,1,44038001D2006100
1656677204.640000,18FEE000,1,DBB83800DBB83800
1656677204.646000,18E00031,1,FFFFFFFFFFF3FFFF
1656677204.651000,18F00E3D,1,5C17FFFFFFFFFFFF
1656677204.655000,18FF01CA,1,F0FFFFFF04C9061A
1656677204.661000,18F00F3D,1,D412FFFFFFFFFFFF
1656677204.665000,18FD8C3D,1,46001D00FFFFFFFF
1656677204.671000,18FDB23D,1,FFFF1C4B2300FFFF
1656677204.676000,18FDB300,1,FFFFB74EFFFFFFFF
1656677204.680000,18FE4F3E,1,0400FFFFFFFFFFFF
1656677204.686000,18FDB400,1,9E449E44FFFFFFFF
1656677204.690000,CF00400,1,017D7D781E00F47D
1656677204.696000,18F0010B,1,C0FFF0FFFF0DFF3F
1656677204.701000,CF00300,1,DD0000FFFFFFBBFF
1656677204.706000,14F00031,1,CFFFFFFFFFFFFFFF
1656677204.711000,18FEF100,1,C34C144000000030
1656677204.716000,CF00400,1,017D7D611E00F47D
1656677204.721000,18FEDF00,1,830013FF7D460BFF
1656677204.726000,18FEEF00,1,C0FFFF3CFFFFFFFA
1656677204.731000,14F00131,1,FFFFFFFF00FFFFFF
1656677204.735000,10FF2121,1,72551FC0C0FFFFE1
1656677204.741000,CF00400,1,017D7D401E00F47D
1656677204.746000,14FF3131,1,0030030000FFFFF0
1656677204.751000,14FEF121,1,F3FFFF4FFFFFFFFF
1656677204.755000,14FF2321,1,100CE1FFFFFFFFFF
1656677204.761000,18F0233D,1,FFFFFFFFFF2CFFFF
1656677204.765000,18FD413D,1,FFFFFFFFFCFCFCFC
1656677204.771000,CF00400,1,017D7D201E00F47D
1656677204.777000,18F0000F,1,067DFFFF0F7DFFFF
1656677204.780000,14FEF131,1,CFFFFFF300FFFF30
1656677204.786000,14FF0121,1,FFFFFFFFFFFFFCFF
1656677204.790000,CF00A01,1,90109132FFFFFFFF
1656677204.796000,10F01A01,1,6842FFFFFFFFFFFF
1656677204.801000,10FCFD01,1,FFFFFFFF3026FFFF
1656677204.805000,18FD9401,1,C407FFFF3B208B02
1656677204.811000,18FDA101,1,1D16FFFFFFFF40FF
1656677204.816000,10FDA301,1,FFFFFFFFFFFFFFFF
1656677204.821000,18FDAA01,1,FFFFFFFFFFFFFF4F
1656677204.825000,18FDD001,1,FFFFFF2054FFFFFF
1656677204.831000,1CFE9201,1,FF0071FFFFFFFFFF
1656677204.836000,CF00400,1,017D7D011E00F47D
1656677204.841000,CFF0381,1,0000000000000007
1656677204.846000,CF00421,1,FFFFFFFFFFFFFFFF
1656677204.850000,18FEDB01,1,202A202A202AFFFF
1656677204.856000,14FF0221,1,FFFFFFFFFFFFFFFF
1656677204.861000,18F00E3D,1,D016FFFFFFFFFFFF
1656677204.865000,18FF3000,1,0000AFFFFFFFFFFF
1656677204.870000,18F00F3D,1,AC12FFFFFFFFFFFF
1656677204.876000,C00000B,1,FCFFFAFAFFFFFFFF
1656677204.881000,CF00400,1,017D7DE41D00F47D
1656677204.886000,CF00300,1,DD0000FFFFFFBBFF
1656677204.891000,14FFA000,1,FCFFFFFFFFFFFFFF
1656677204.896000,14FDA421,1,FFFFFFFFFFFFFFFF
1656677204.900000,18FEF200,1,46000E0AF304FFFF
1656677204.907000,CF00400,1,017D7DBD1D00F47D
1656677204.912000,18FEE64A,1,302F09013423837E
1656677204.916000,18FEDF00,1,830013FF7D460BFF
1656677204.920000,14FEF031,1,FFFFFFFFFFFC00FF
1656677204.926000,18FEF117,1,F3FFFFFFFFFFFFFF
1656677204.931000,10FF2121,1,72551FC0C0FFFFE1
1656677204.935000,C00100B,1,FCFFFA00FFFFFFFF
1656677204.940000,CF00400,1,017D7DA01D00F47D
1656677204.946000,18E8174A,1,0100FFFFFFE8FE00
1656677204.951000,C000F0B,1,FCFFFA00FFFFFFFF
1656677204.955000,18F0233D,1,FFFFFFFFFF2CFFFF
1656677204.961000,C00290B,1,FCFFFA00FFFFFFFF
1656677204.966000,CF00400,1,017D7D811D00F47D
1656677204.971000,18FEF000,1,FFFFFF0000F000FF
1656677204.976000,18FEBF0B,1,3B147D7D797AFFFF
1656677204.980000,CF00A01,1,9010A431FFFFFFFF
1656677204.986000,10F01A01,1,F843FFFFFFFFFFFF
1656677204.990000,CF00400,1,017E7D661D00F47D
1656677204.996000,CFF0281,1,FF085904F401F300
1656677205.000000,14FD3E00,1,8C4CFF604FFFFFFF
1656677205.006000,18F00E3D,1,6C16FFFFFFFFFFFF
1656677205.010000,18FEE000,1,DBB83800DBB83800
1656677205.016000,18F00F3D,1,AC12FFFFFFFFFFFF
1656677205.021000,18FD8C3D,1,46001D00FFFFFFFF
1656677205.025000,18FDB23D,1,FFFF1C4B2300FFFF
1656677205.031000,18FDB300,1,FFFFB74EFFFFFFFF
1656677205.035000,18FDB400,1,9E449E44FFFFFFFF
1656677205.041000,18FE4F3E,1,0400FFFFFFFFFFFF
1656677205.046000,CF00400,1,01817D411D00F47D
1656677205.052000,CF00300,1,DC1C00FFFFFFB4FF
1656677205.057000,18F0010B,1,C0FFF0FFFF0DFF3F
1656677205.060000,14F00031,1,CFFFFFFFFFFFFFFF
1656677205.066000,18FEF100,1,C34C144000000030
1656677205.070000,CF00400,1,01847D211D00F47D
1656677205.076000,18FEDF00,1,830013FF7DB50AFF
1656677205.080000,14F00131,1,FFFFFFFF00FFFFFF
1656677205.085000,10FF2121,1,72551FC0C0FFFFE1
1656677205.091000,CF00400,1,408A7EFD1C00F47E
1656677205.097000,14FF3131,1,0030030000FFFFF0
1656677205.101000,14FEF121,1,F3FFFF4FFFFFFFFF
1656677205.106000,14FF2321,1,100CE1FFFFFFFFFF
1656677205.110000,18F0233D,1,FFFFFFFFFF2CFFFF
1656677205.116000,18FD413D,1,FFFFFFFFFCFCFCFC
1656677205.121000,CF00400,1,508F80E11C00F481
1656677205.126000,18F0000F,1,067DFFFF0F7DFFFF
1656677205.131000,18FEF600,1,FF204B53FF9C44FF
1656677205.136000,14FEF131,1,CFFFFFF300FFFF30
1656677205.140000,14FF0121,1,FFFFFFFFFFFFFCFF
1656677205.146000,CF00A01,1,EC0B7C30FFFFFFFF
1656677205.151000,10F01A01,1,8845FFFFFFFFFFFF
1656677205.155000,10FCFD01,1,FFFFFFFFA625FFFF
1656677205.161000,18FD9401,1,C407FFFF33208B02
1656677205.165000,18FDA101,1,4C15FFFFFFFF40FF
1656677205.171000,10FDA301,1,FFFFFFFFFFFFFFFF
1656677205.175000,18FDAA01,1,FFFFFFFFFFFFFF4D
1656677205.181000,18FDD001,1,FFFFFF2054FFFFFF
1656677205.186000,1CFE9201,1,FF0071FFFFFFFFFF
1656677205.190000,CF00400,1,509482CA1C00F483
1656677205.196000,CFF0381,1,0000000000000502
1656677205.200000,CF00421,1,FFFFFFFFFFFFFFFF
1656677205.206000,18FEDB01,1,202A202A202AFFFF
1656677205.210000,14FF0221,1,FFFFFFFFFFFFFFFF
1656677205.216000,18F00E3D,1,3016FFFFFFFFFFFF
1656677205.221000,18FF3000,1,0000AFFFFFFFFFFF
1656677205.225000,18F00F3D,1,9812FFFFFFFFFFFF
1656677205.231000,C00000B,1,FCFFFAFAFFFFFFFF
1656677205.235000,CF00400,1,709884B31C00F485
1656677205.241000,CF00300,1,DC530AFFFFFFACFF
1656677205.246000,14FFA000,1,FCFFFFFFFFFFFFFF
1656677205.251000,14FDA421,1,FFFFFFFFFFFFFFFF
1656677205.255000,18FEF200,1,42008A0BF304FFFF
1656677205.261000,CF00400,1,119C87A11C00F487
1656677205.266000,18FEDF00,1,830013FF7DB50AFF
1656677205.270000,18FEF117,1,F3FFFFFFFFFFFFFF
1656677205.275000,14FEF031,1,FFFFFFFFFFFC00FF
1656677205.281000,10FF2121,1,72551FC0C0FFFFE1
1656677205.286000,CF00400,1,21A18B921C00F48B
1656677205.291000,18F0233D,1,FFFFFFFFFF2CFFFF
1656677205.295000,CF00400,1,21A68F8C1C00F48F
1656677205.301000,18FEF000,1,FFFFFF0000F000FF
1656677205.305000,18FEBF0B,1,46147D7C7879FFFF
1656677205.311000,CF00A01,1,7B07BA2FFFFFFFFF
1656677205.316000,10F01A01,1,1847FFFFFFFFFFFF
1656677205.320000,CF00400,1,51AA918A1C00F492
1656677205.326000,CFF0281,1,530B8305CF026201
1656677205.331000,CFF0181,1,CD0205004E4E1000
1656677205.335000,18FEE000,1,DBB83800DBB83800
1656677205.341000,18F00E3D,1,0816FFFFFFFFFFFF
1656677205.345000,18F00F3D,1,8412FFFFFFFFFFFF
1656677205.351000,18FD8C3D,1,46001D00FFFFFFFF
1656677205.355000,18FDB23D,1,FFFF1C4B2300FFFF
1656677205.361000,18FDB300,1,FFFFB74EFFFFFFFF
1656677205.365000,18FDB400,1,9E449E44FFFFFFFF
1656677205.371000,18FE4F3E,1,0400FFFFFFFFFFFF
1656677205.375000,CF00400,1,71AE938C1C00F494
1656677205.381000,CF00300,1,DC861EFFFFFFACFF
1656677205.386000,18F0010B,1,C0FFF0FFFF0DFF3F
1656677205.391000,14F00031,1,CFFFFFFFFFFFFFFF
1656677205.395000,18FEF100,1,C360144000000030
1656677205.401000,CF00400,1,11B296961C00F496
1656677205.406000,18FEDF00,1,830013FF7DAF0AFF
1656677205.411000,14F00131,1,FFFFFFFF00FFFFFF
1656677205.415000,10FF2121,1,72551FC0C0FFFFE1
1656677205.421000,CF00400,1,31B598C01C00F498
1656677205.426000,14FF3131,1,0030030000FFFFF0
1656677205.431000,14FEF121,1,F3FFFF4FFFFFFFFF
1656677205.435000,14FF2321,1,100CE1FFFFFFFFFF
1656677205.441000,18F0233D,1,FFFFFFFFFF2CFFFF
1656677205.446000,18FD413D,1,FFFFFFFFFCFCFCFC
1656677205.450000,CF00400,1,51B89AF81C00F49B
1656677205.456000,18F0000F,1,067DFFFF0F7DFFFF
1656677205.461000,14FEF131,1,CFFFFFF300FFFF30
1656677205.465000,14FF0121,1,FFFFFFFFFFFFFCFF
1656677205.471000,CF00A01,1,B302E62DFFFFFFFF
1656677205.475000,10F01A01,1,384AFFFFFFFFFFFF
1656677205.481000,10FCFD01,1,FFFFFFFFA02DFFFF
1656677205.486000,18FD9401,1,C407FFFF2920F403
1656677205.490000,18FDA101,1,FA15FFFFFFFF40FF
1656677205.496000,10FDA301,1,FFFFFFFFFFFFFFFF
1656677205.500000,18FDAA01,1,FFFFFFFFFFFFFF4C
1656677205.506000,18FDD001,1,FFFFFF2054FFFFFF
1656677205.510000,1CFE9201,1,FF0071FFFFFFFFFF
1656677205.516000,CF00400,1,01BB9D331D00F49D
1656677205.522000,CFF0381,1,0000000000000501
1656677205.525000,CF00421,1,FFFFFFFFFFFFFFFF
1656677205.531000,18FEDB01,1,202A202A202AFFFF
1656677205.536000,14FF0221,1,FFFFFFFFFFFFFFFF
1656677205.540000,18FD6501,1,7006FFFFFFFFFFFF
1656677205.546000,18FF3000,1,0000AFFFFFFFFFFF
1656677205.551000,18F00E3D,1,B815FFFFFFFFFFFF
1656677205.556000,18F00F3D,1,7012FFFFFFFFFFFF
1656677205.560000,C00000B,1,FCFFFAFAFFFFFFFF
1656677205.566000,CF00400,1,21BD9F811D00F49F
1656677205.572000,CF00300,1,DCAA2CFFFFFFACFF
1656677205.578000,14FFA000,1,FCFFFFFFFFFFFFFF
1656677205.580000,14FDA421,1,FFFFFFFFFFFFFFFF
1656677205.586000,18FEF200,1,F2008A0BF304FFFF
1656677205.593000,CF00400,1,41BFA1DC1D00F4A2
1656677205.599000,18FEF117,1,F3FFFFFFFFFFFFFF
1656677205.600000,18FEDF00,1,830013FF7DAF0AFF
1656677205.605000,14FEF031,1,FFFFFFFFFFFC00FF
1656677205.611000,10FF2121,1,72551FC0C0FFFFE1
1656677205.616000,C00100B,1,FCFFFA00FFFFFFFF
1656677205.620000,CF00400,1,71C0A3411E00F4A4
1656677205.626000,C000F0B,1,FCFFFA00FFFFFFFF
1656677205.630000,18F0233D,1,FFFFFFFFFF2CFFFF
1656677205.636000,C00290B,1,FCFFFA00FFFFFFFF
1656677205.640000,CF00400,1,11C1A6B81E00F4A6
1656677205.646000,18FEF000,1,FFFFFF0000F000FF
1656677205.651000,18FEBF0B,1,4C147D7D7A79FFFF
1656677205.655000,CF00A01,1,2D0CAC2DFFFFFFFF
1656677205.661000,10F01A01,1,C84BFFFFFFFFFFFF
1656677205.666000,CF00400,1,31C2A83A1F00F4A8
1656677205.671000,CFF0281,1,9F07A403B0025201
1656677205.676000,18FEE000,1,DBB83800DBB83800
1656677205.681000,18F00E3D,1,A415FFFFFFFFFFFF
1656677205.686000,18F00F3D,1,5C12FFFFFFFFFFFF
1656677205.691000,18FD8C3D,1,30001400FFFFFFFF
1656677205.695000,18FDB23D,1,FFFF1C4B1A00FFFF
1656677205.701000,18FDB300,1,FFFFB74EFFFFFFFF
1656677205.706000,18FDB400,1,42444244FFFFFFFF
1656677205.710000,18FE4F3E,1,0400FFFFFFFFFFFF
1656677205.716000,CF00400,1,61C2AACA1F00F4AB
1656677205.722000,CF00300,1,DCB731FFFFFFAFFF
1656677205.727000,18F0010B,1,C0FFF0FFFF0DFF3F
1656677205.730000,14F00031,1,CFFFFFFFFFFFFFFF
1656677205.736000,18FEF100,1,C35E144000000030
1656677205.740000,CF00400,1,01C3AD4E2000F4AD
1656677205.746000,18FEDF00,1,830013FF7DE80AFF
1656677205.750000,14F00131,1,FFFFFFFF00FFFFFF
1656677205.756000,10FF2121,1,72551FC0C0FFFFE1
1656677205.761000,CF00400,1,31C3AFE42000F4AF
1656677205.766000,14FF3131,1,0030030000FFFFF0
1656677205.771000,14FEF121,1,F3FFFF4FFFFFFFFF
1656677205.775000,14FF2321,1,100CE1FFFFFFFFFF
1656677205.781000,18F0233D,1,FFFFFFFFFF2CFFFF
1656677205.785000,18FD413D,1,FFFFFFFFFCFCFCFC
1656677205.791000,CF00400,1,61C3B17A2100F4B2
1656677205.797000,18F0000F,1,067DFFFF0F7DFFFF
1656677205.800000,14FEF131,1,CFFFFFF300FFFF30
1656677205.806000,14FF0121,1,FFFFFFFFFFFFFCFF
1656677205.810000,CF00A01,1,5D24352EFFFFFFFF
1656677205.816000,10F01A01,1,584DFFFFFFFFFFFF
1656677205.821000,18FF1919,1,01030A02FFFFFFFF
1656677205.825000,10FCFD01,1,FFFFFFFF7635FFFF
1656677205.831000,18FD9401,1,C407FFFF2020DA04
1656677205.835000,18FDA101,1,A915FFFFFFFF40FF
1656677205.841000,10FDA301,1,FFFFFFFFFFFFFFFF
1656677205.846000,18FDAA01,1,FFFFFFFFFFFFFF4B
1656677205.850000,18FDD001,1,FFFFFF174BFFFFFF
1656677205.856000,CF00400,1,01BAB4322200F4B4
1656677205.861000,CFF0381,1,0000000000000007
1656677205.866000,CF00421,1,FFFFFFFFFFFFFFFF
1656677205.871000,18FF1B19,1,FFFCFFFFFFFFFFFF
1656677205.875000,14FF0221,1,FFFFFFFFFFFFFFFF
1656677205.881000,18FF3000,1,0000AFFFFFFFFFFF
1656677205.885000,1CFE9201,1,FF0071FFFFFFFFFF
1656677205.891000,18FEDB01,1,A928A928A928FFFF
1656677205.895000,18F00E3D,1,9015FFFFFFFFFFFF
1656677205.901000,18F00F3D,1,4812FFFFFFFFFFFF
1656677205.905000,18E00019,1,00FFFFFFFFFFFFFF
1656677205.911000,C00000B,1,FCFFFAFAFFFFFFFF
1656677205.916000,CF00400,1,31B2B6DC2200F4B6
1656677205.922000,CF00300,1,DC943BFFFFFFBBFF
1656677205.927000,14FFA000,1,FCFFFFFFFFFFFFFF
1656677205.931000,14FDA421,1,FFFFFFFFFFFFFFFF
1656677205.936000,18FEF200,1,E0018A0BF304FFFF
1656677205.942000,18FEF719,1,FFFFFFFFFFFF1A01
1656677205.945000,CF00400,1,61ABB8862300F4B9
1656677205.951000,18FEF117,1,F3FFFFFFFFFFFFFF
1656677205.955000,18FEDF00,1,830013FF7DE80AFF
1656677205.960000,14FEF031,1,FFFFFFFFFFFC00FF
1656677205.966000,10FF2121,1,72551FC0C0FFFFE1
1656677205.971000,18FF2221,1,0355CF0733F3FFFF
1656677205.975000,CF00400,1,51A4BA4A2400F4BB
1656677205.981000,18FF2421,1,92F0FFFFFFFFFFFF
1656677205.986000,18F0233D,1,FFFFFFFFFF2CFFFF
1656677205.991000,CF00400,1,219EB2162500F4B2
1656677205.997000,18FEF000,1,FFFFFF0000F000FF
1656677206.000000,18FEBF0B,1,5F147D7C7A79FFFF
1656677206.006000,CF00A01,1,CB293C30FFFFFFFF
1656677206.011000,10F01A01,1,384AFFFFFFFFFFFF
1656677206.016000,CF00400,1,2197ABE92500F4AB
1656677206.021000,CFF0281,1,45038001D2006100
1656677206.026000,18FEE000,1,DBB83800DBB83800
1656677206.031000,18F00E3D,1,9015FFFFFFFFFFFF
1656677206.035000,18F00F3D,1,3412FFFFFFFFFFFF
1656677206.041000,18FD8C3D,1,30001400FFFFFFFF
1656677206.045000,18FDB23D,1,FFFF1C4B1A00FFFF
1656677206.051000,18FDB300,1,FFFFB74EFFFFFFFF
1656677206.055000,18FDB400,1,42444244FFFFFFFF
1656677206.061000,18FE4F3E,1,0400FFFFFFFFFFFF
1656677206.066000,CF00400,1,6192A4C92600F4A5
1656677206.071000,CF00300,1,DC4F28FFFFFFC3FF
1656677206.076000,18F0010B,1,C0FFF0FFFF0DFF3F
1656677206.080000,14F00031,1,CFFFFFFFFFFFFFFF
1656677206.086000,18FEF100,1,C37A144000000030
1656677206.090000,CF00400,1,118C9E972700F49E
1656677206.096000,18FEDF00,1,840013FF7D510CFF
1656677206.100000,14F00131,1,FFFFFFFF00FFFFFF
1656677206.106000,10FF2121,1,72551FC0C0FFFFE1
1656677206.110000,CF00400,1,5188975F2800F498
1656677206.116000,14FF3131,1,0030030000FFFFF0
1656677206.121000,14FEF121,1,F3FFFF4FFFFFFFFF
1656677206.125000,14FF2321,1,100CE1FFFFFFFFFF
1656677206.131000,18F0233D,1,FFFFFFFFFF2CFFFF
1656677206.136000,18FD413D,1,FFFFFFFFFCFCFCFC
1656677206.141000,CF00400,1,718491032900F492
1656677206.147000,18F0000F,1,067DFFFF0F7DFFFF
1656677206.150000,14FEF131,1,CFFFFFF300FFFF30
1656677206.156000,14FF0121,1,FFFFFFFFFFFFFCFF
1656677206.161000,CF00A01,1,02152D39FFFFFFFF
1656677206.165000,10F01A01,1,F843FFFFFFFFFFFF
1656677206.171000,10FCFD01,1,FFFFFFFF1331FFFF
1656677206.176000,18FD9401,1,380EFFFF2220B902
1656677206.180000,18FDA101,1,7917FFFFFFFF40FF
1656677206.186000,10FDA301,1,FFFFFFFFFFFFFFFF
1656677206.190000,18FDAA01,1,FFFFFFFFFFFFFF49
1656677206.196000,18FDD001,1,FFFFFF174BFFFFFF
1656677206.200000,1CFE9201,1,FF0071FFFFFFFFFF
1656677206.206000,CF00400,1,60808C712900F48D
1656677206.212000,CFF0381,1,0000000000000007
1656677206.215000,CF00421,1,FFFFFFFFFFFFFFFF
1656677206.221000,18FEDB01,1,A928A928A928FFFF
1656677206.225000,14FF0221,1,FFFFFFFFFFFFFFFF
1656677206.231000,18F00E3D,1,7C15FFFFFFFFFFFF
1656677206.236000,18FF3000,1,0000AFFFFFFFFFFF
1656677206.241000,18F00F3D,1,F811FFFFFFFFFFFF
1656677206.246000,C00000B,1,FCFFFAFAFFFFFFFF
1656677206.250000,CF00400,1,317D88CD2900F488
1656677206.256000,CF00300,1,DC270BFFFFFFA7FF
1656677206.262000,14FFA000,1,FCFFFFFFFFFFFFFF
1656677206.265000,14FDA421,1,FFFFFFFFFFFFFFFF
1656677206.270000,18FEF200,1,D4029F03F304FFFF
1656677206.275000,CF00400,1,217D84052A00F484
1656677206.281000,18FEF117,1,F3FFFFFFFFFFFFFF
1656677206.285000,18FEDF00,1,840013FF7D510CFF
1656677206.291000,14FEF031,1,FFFFFFFFFFFC00FF
1656677206.295000,10FF2121,1,72551FC0C0FFFFE1
1656677206.301000,C00100B,1,FCFFFA00FFFFFFFF
1656677206.306000,CF00400,1,617D801D2A00F481
1656677206.311000,C000F0B,1,FCFFFA00FFFFFFFF
1656677206.315000,18F0233D,1,FFFFFFFFFF2CFFFF
1656677206.321000,C00290B,1,FCFFFA00FFFFFFFF
1656677206.326000,CF00400,1,517D7E232A00F47F
1656677206.331000,18FEF000,1,FFFFFF0000F000FF
1656677206.336000,18FEBF0B,1,5C147D7D7979FFFF
1656677206.340000,CF00A01,1,E514333DFFFFFFFF
1656677206.346000,10F01A01,1,D840FFFFFFFFFFFF
1656677206.350000,CF00400,1,217D7D182A00F47D
1656677206.356000,CFF0281,1,44037D01D2006100
1656677206.360000,18FEE000,1,DBB83800DBB83800
1656677206.366000,18F00E3D,1,6815FFFFFFFFFFFF
1656677206.370000,18F00F3D,1,F811FFFFFFFFFFFF
1656677206.376000,18FD8C3D,1,30001400FFFFFFFF
1656677206.381000,18FF01CA,1,F0FFFFFF04C9061A
1656677206.385000,18FDB23D,1,FFFF1C4B1A00FFFF
1656677206.390000,18FDB300,1,FFFFB74EFFFFFFFF
1656677206.396000,18FDB400,1,42444244FFFFFFFF
1656677206.401000,18FE4F3E,1,0400FFFFFFFFFFFF
1656677206.406000,CF00400,1,217D7D052A00F47D
1656677206.411000,CF00300,1,DC1300FFFFFFA0FF
1656677206.416000,14F00031,1,CFFFFFFFFFFFFFFF
1656677206.421000,18F0010B,1,C0FFF0FFFF0DFF3F
1656677206.425000,18FEF100,1,C35E144000000030
1656677206.431000,18FDE000,1,FFFFFFFF2023FFFF
1656677206.435000,CF00400,1,017D7DE32900F47D
1656677206.441000,18FEDF00,1,850013FF7DA20DFF
1656677206.445000,18FEEF00,1,C0FFFF41FFFFFFFA
1656677206.450000,14F00131,1,FFFFFFFF00FFFFFF
1656677206.456000,10FF2121,1,72551FC0C0FFFFE1
1656677206.461000,CF00400,1,017D7DC52900F47D
1656677206.467000,18FCDC00,1,E0FEFEFFFFFFFFFF
1656677206.470000,14FF3131,1,0030030000FFFFF0
1656677206.475000,14FEF121,1,F3FFFF4FFFFFFFFF
1656677206.481000,14FF2321,1,100CE1FFFFFFFFFF
1656677206.485000,18F0233D,1,FFFFFFFFFF2BFFFF
1656677206.491000,18FD413D,1,FFFFFFFFFCFCFCFC
1656677206.496000,CF00400,1,017D7D9F2900F47D
1656677206.501000,18F0000F,1,067DFFFF0F7DFFFF
1656677206.505000,14FEF131,1,CFFFFFF300FFFF30
1656677206.511000,14FF0121,1,FFFFFFFFFFFFFCFF
1656677206.515000,CF00A01,1,8B155A3EFFFFFFFF
1656677206.521000,10F01A01,1,B83DFFFFFFFFFFFF
1656677206.525000,10FCFD01,1,FFFFFFFFC92DFFFF
1656677206.531000,18FD9401,1,500DFFFF2E208F02
1656677206.535000,18FDA101,1,4C16FFFFFFFF40FF
1656677206.540000,10FDA301,1,FFFFFFFFFFFFFFFF
1656677206.546000,18FDAA01,1,FFFFFFFFFFFFFF49
1656677206.551000,18FDD001,1,FFFFFF174BFFFFFF
1656677206.556000,1CFE9201,1,FF0071FFFFFFFFFF
1656677206.560000,CF00400,1,017D7D7B2900F47D
1656677206.566000,CFF0381,1,0000000000000007
1656677206.570000,CF00421,1,FFFFFFFFFFFFFFFF
1656677206.575000,18FEDB01,1,A928A928A928FFFF
1656677206.581000,14FF0221,1,FFFFFFFFFFFFFFFF
1656677206.585000,18F00E3D,1,7012FFFFFFFFFFFF
1656677206.591000,18FF3000,1,0000AFFFFFFFFFFF
1656677206.595000,18F00F3D,1,F811FFFFFFFFFFFF
1656677206.601000,C00000B,1,FCFFFAFAFFFFFFFF
1656677206.605000,CF00400,1,017D7D572900F47D
1656677206.611000,CF00300,1,DC0800FFFFFFA0FF
1656677206.617000,14FFA000,1,FCFFFFFFFFFFFFFF
1656677206.621000,18A9FE31,1,FFFFFFFFFFFFFFFF
1656677206.626000,18FEF200,1,56009F03F304FFFF
1656677206.631000,14FDA421,1,FFFFFFFFFFFFFFFF
1656677206.636000,18FEF500,1,CAFFFFFFFF4BFFFF
1656677206.640000,CF00400,1,017D7D2F2900F47D
1656677206.646000,18FEF117,1,F3FFFFFFFFFFFFFF
1656677206.651000,18FEDF00,1,850013FF7DA20DFF
1656677206.655000,14FEF031,1,FFFFFFFFFFFC00FF
1656677206.661000,10FF2121,1,72551FC0C0FFFFE1
1656677206.665000,CF00400,1,017D7D052900F47D
1656677206.671000,18FEEE00,1,824A002FFFFF4BFF
1656677206.675000,18F0233D,1,FFFFFFFFFF2CFFFF
1656677206.680000,CF00400,1,017D7DDF2800F47D
1656677206.685000,18FEF000,1,FFFFFF0000F000FF
1656677206.690000,18FEA400,1,FFFFFFFF487E2022
1656677206.696000,CF00A01,1,5115363EFFFFFFFF
1656677206.701000,18FEBF0B,1,64147C7D7878FFFF
1656677206.705000,10F01A01,1,983AFFFFFFFFFFFF
1656677206.711000,CF00400,1,017D7DC12800F47D
1656677206.716000,CFF0281,1,45037F01D2006100
1656677206.720000,14FD3E00,1,8C4CFF604FFFFFFF
1656677206.726000,18F00E3D,1,8011FFFFFFFFFFFF
1656677206.730000,18FEE000,1,DBB83800DBB83800
1656677206.736000,18F00F3D,1,F811FFFFFFFFFFFF
1656677206.740000,18FD8C3D,1,30001400FFFFFFFF
1656677206.746000,18FDB23D,1,FFFF1C4B1A00FFFF
1656677206.750000,18FDB300,1,FFFFB74EFFFFFFFF
1656677206.756000,18FDB400,1,42444244FFFFFFFF
1656677206.760000,18FE4F3E,1,0400FFFFFFFFFFFF
1656677206.765000,CF00400,1,017D7D932800F47D
1656677206.771000,CF00300,1,DC0300FFFFFF9DFF
1656677206.776000,18F0010B,1,C0FFF0FFFF0DFF3F
1656677206.780000,14F00031,1,CFFFFFFFFFFFFFFF
1656677206.786000,18FEF100,1,C36A144000000030
1656677206.790000,18FEBD00,1,00F00000FFFFFFFF
1656677206.795000,CF00400,1,017D7D692800F47D
1656677206.801000,18FEDF00,1,850013FF7D5D0DFF
1656677206.806000,18FF7400,1,D600FFFFFFFCFFFF
1656677206.810000,14F00131,1,FFFFFFFF00FFFFFF
1656677206.816000,10FF2121,1,72551FC0C0FFFFE1
1656677206.820000,CF00400,1,017D7D452800F47D
1656677206.827000,18FD7C00,1,F8F7D07431FFE3FF
1656677206.831000,14FF3131,1,0030030000FFFFF0
1656677206.835000,14FEF121,1,F3FFFF4FFFFFFFFF
1656677206.841000,14FF2321,1,100CE1FFFFFFFFFF
1656677206.845000,18F0233D,1,FFFFFFFFFF2BFFFF
1656677206.851000,18FD413D,1,FFFFFFFFFCFCFCFC
1656677206.856000,CF00400,1,017D7D1F2800F47D
1656677206.862000,18F0000F,1,067DFFFF0F7DFFFF
1656677206.865000,18FEF600,1,FF174B4AFF9C44FF
1656677206.871000,14FEF131,1,CFFFFFF300FFFF30
1656677206.876000,18FEE400,1,007FFFFC007FFFFF
1656677206.880000,14FF0121,1,FFFFFFFFFFFFFCFF
1656677206.886000,CF00A01,1,9614863CFFFFFFFF
1656677206.891000,10F01A01,1,5834FFFFFFFFFFFF
1656677206.895000,10FCFD01,1,FFFFFFFF462DFFFF